payment_id,order_id,settled_at,gateway_status,captured_amount,fee,tax,refund_amount,is_settlement_eligible,net_settlement
pay_9003,ORD_5003,2026-09-07T06:00:00,CAPTURED,1955.50,39.11,7.04,0.00,True,1909.35
pay_9004,ORD_5004,2026-09-07T06:00:00,CAPTURED,2183.25,43.67,7.86,0.00,True,2131.72
pay_9005,ORD_5005,2026-09-07T06:00:00,CAPTURED,2411.00,48.22,8.68,0.00,True,2354.10
pay_9006,ORD_5006,2026-09-07T06:00:00,CAPTURED,2638.75,52.78,9.50,0.00,True,2576.47
pay_9007,ORD_5007,2026-09-07T06:00:00,CAPTURED,2866.50,57.33,10.32,0.00,True,2798.85
pay_9008,ORD_5008,2026-09-07T06:00:00,CAPTURED,2518.50,50.37,9.07,0.00,False,0.00
pay_9009,ORD_5009,2026-09-07T06:00:00,CAPTURED,2746.25,54.93,9.89,0.00,False,0.00
pay_9010,ORD_5010,2026-09-07T06:00:00,CAPTURED,2974.00,89.22,16.06,0.00,True,2868.72
pay_9011,ORD_5011,2026-09-07T06:00:00,CAPTURED,3201.75,64.04,11.53,0.00,True,3126.18
pay_9012,ORD_5012,2026-09-07T06:00:00,CAPTURED,3429.50,68.59,12.35,0.00,True,3348.56
pay_9013,ORD_5013,2026-09-07T06:00:00,FAILED_BANK_DEBIT,0.00,0.00,0.00,0.00,False,0.00
pay_9014,ORD_5014,2026-09-07T06:00:00,CAPTURED,3885.00,77.70,13.99,0.00,True,3793.31
pay_9015,ORD_5015,2026-09-07T06:00:00,CAPTURED,3537.00,70.74,12.73,450.00,True,3003.53
pay_9016,ORD_5016,2026-09-07T06:00:00,CAPTURED,3764.75,75.30,13.55,450.00,True,3225.90
pay_9017,ORD_5017,2026-09-07T06:00:00,CAPTURED,3992.50,79.85,14.37,0.00,True,3898.28
pay_9018,ORD_5018,2026-09-07T06:00:00,CAPTURED,4220.25,84.41,15.19,0.00,True,4120.65
pay_9019,ORD_5019,2026-09-07T06:00:00,CAPTURED,4448.00,133.44,24.02,0.00,True,4290.54
pay_9020,ORD_5020,2026-09-07T06:00:00,CAPTURED,4675.75,93.52,16.83,0.00,True,4565.40
pay_9021,ORD_5021,2026-09-07T06:00:00,CAPTURED,4903.50,98.07,17.65,0.00,True,4787.78
pay_9022,ORD_5022,2026-09-07T06:00:00,CAPTURED,4555.50,91.11,16.40,0.00,True,4447.99
pay_9023,ORD_5023,2026-09-07T06:00:00,CAPTURED,4783.25,95.67,17.22,0.00,True,4520.36
pay_9024,ORD_5024,2026-09-07T06:00:00,CAPTURED,5011.00,100.22,18.04,0.00,True,4892.74
pay_9025,ORD_5025,2026-09-07T06:00:00,CAPTURED,5238.75,104.78,18.86,0.00,True,5115.11
pay_9026,ORD_5026,2026-09-07T06:00:00,DISPUTED,5466.50,109.33,19.68,0.00,False,0.00
pay_9027,ORD_5027,2026-09-07T06:00:00,CAPTURED,5694.25,113.89,20.50,0.00,True,5559.86
pay_9028,ORD_5028,2026-09-07T06:00:00,CAPTURED,5922.00,177.66,31.98,0.00,True,5712.36
pay_9029,ORD_5029,2026-09-07T06:00:00,CAPTURED,5574.00,111.48,20.07,0.00,True,5442.45
pay_9030,ORD_5030,2026-09-07T06:00:00,CAPTURED,5801.75,116.04,20.89,0.00,True,5664.82
pay_9031,ORD_5031,2026-09-07T06:00:00,CAPTURED,6029.50,120.59,21.71,0.00,True,5887.20
pay_9032,ORD_5032,2026-09-07T06:00:00,CAPTURED,6257.25,125.15,22.53,0.00,True,6109.57
pay_9033,ORD_5033,2026-09-07T06:00:00,CAPTURED,6485.00,129.70,23.35,0.00,True,6331.95
pay_9034,ORD_5034,2026-09-07T06:00:00,CAPTURED,6712.75,134.26,24.17,0.00,True,6554.32
pay_9035,ORD_5035,2026-09-07T06:00:00,CAPTURED,6940.50,138.81,24.99,0.00,True,6776.70
pay_9036,ORD_5036,2026-09-07T06:00:00,CAPTURED,6592.50,131.85,23.73,0.00,True,6436.92
pay_9037,ORD_5037,2026-09-07T06:00:00,CAPTURED,6820.25,204.61,36.83,0.00,True,6578.81
pay_9038,ORD_5038,2026-09-07T06:00:00,CAPTURED,7048.00,140.96,25.37,0.00,True,6881.67
pay_9039,ORD_5039,2026-09-07T06:00:00,CAPTURED,7275.75,145.52,26.19,0.00,True,7104.04
pay_9040,ORD_5040,2026-09-07T06:00:00,CAPTURED,7503.50,150.07,27.01,0.00,True,7326.42
pay_9041,ORD_5041,2026-09-07T06:00:00,CAPTURED,7731.25,154.63,27.83,0.00,True,7548.79
pay_9042,ORD_5042,2026-09-07T06:00:00,CAPTURED,7959.00,159.18,28.65,0.00,True,7771.17
pay_9043,ORD_5043,2026-09-07T06:00:00,CAPTURED,7611.00,152.22,27.40,0.00,True,7431.38
pay_9044,ORD_5044,2026-09-07T06:00:00,CAPTURED,7838.75,156.78,28.22,0.00,True,7653.75
pay_9045,ORD_5045,2026-09-07T06:00:00,CAPTURED,8066.50,161.33,29.04,0.00,True,7876.13
pay_9046,ORD_5046,2026-09-07T06:00:00,CAPTURED,8294.25,248.83,44.79,0.00,True,8000.63
pay_9047,ORD_5047,2026-09-07T06:00:00,CAPTURED,8522.00,170.44,30.68,0.00,True,8320.88
pay_9048,ORD_5048,2026-09-07T06:00:00,CAPTURED,8749.75,175.00,31.50,0.00,True,8543.25
pay_9049,ORD_5049,2026-09-07T06:00:00,CAPTURED,8977.50,179.55,32.32,0.00,True,8765.63
pay_9050,ORD_5050,2026-09-07T06:00:00,CAPTURED,8629.50,172.59,31.07,0.00,True,8425.84
pay_9051,ORD_5051,2026-09-07T06:00:00,CAPTURED,8857.25,177.15,31.89,0.00,True,8648.21
pay_9052,ORD_5052,2026-09-07T06:00:00,CAPTURED,9085.00,181.70,32.71,0.00,True,8870.59
pay_9053,ORD_5053,2026-09-07T06:00:00,CAPTURED,9312.75,186.26,33.53,0.00,True,9092.96
pay_9054,ORD_5054,2026-09-07T06:00:00,CAPTURED,9540.50,190.81,34.35,0.00,True,9315.34
pay_9055,ORD_5055,2026-09-07T06:00:00,CAPTURED,9768.25,293.05,52.75,0.00,True,9422.45
